Name,Goals,Expected goals (xG),Big chances missed,Succ. dribbles,Total shots,Goal conversion %,Tackles,Interceptions,Clearances,Errors leading to goal,Blocked shots,Big chances created,Assists,Accurate passes,Accurate passes %,Key passes
Aarón Escandell,0,,0,1,0,0.0,0,0,31,1,0.0,0,0,507,67.69,1
Abdel Rahim,0,0.04,0,7,2,0.0,29,24,59,1,6.0,2,0,480,81.08,14
Abdelkabir Abqar,0,0.3,1,2,7,0.0,24,12,41,0,4.0,2,1,179,71.31,3
Abderrahman Rebbach,0,1.61,3,8,26,0.0,21,8,8,0,0.0,6,0,210,79.25,16
Abdessamad Ezzalzouli,4,4.56,5,21,38,10.53,27,10,6,0,0.0,7,4,311,78.54,16
Abdón Prats,0,0.76,1,1,3,0.0,0,0,1,0,0.0,0,0,12,80.0,2
Abel Bretones,1,0.63,0,13,11,9.09,30,15,41,0,5.0,0,0,313,76.34,9
Abel Ruíz,0,,0,0,0,0.0,1,1,0,0,0.0,0,0,6,60.0,0
Abu Kamara,0,0.33,1,2,3,0.0,4,2,0,0,1.0,0,0,41,67.21,2
Adam Boayar,1,0.3,0,1,5,20.0,3,1,4,0,0.0,0,0,34,91.89,2
Adama Boiro,0,0.02,0,2,1,0.0,8,12,10,1,1.0,0,0,227,89.02,3
Ademola Lookman,0,0.05,0,1,2,0.0,0,0,0,0,0.0,0,0,20,90.91,1
Adnan Januzaj,0,0.13,0,7,4,0.0,4,1,1,0,0.0,0,0,95,87.96,10
Adrian Liso,3,1.88,2,13,22,13.64,16,2,3,0,2.0,0,0,154,69.06,3
Adrià Altimira,0,,0,0,0,0.0,1,0,0,0,0.0,0,0,8,100.0,0
Adrià Pedrosa,1,0.35,0,3,9,11.11,26,9,26,1,1.0,2,1,257,83.44,18
Adrián de la Fuente,2,1.69,2,3,16,12.5,16,22,99,0,13.0,1,1,588,80.88,7
Aihen Muñoz,0,0.43,1,2,5,0.0,24,4,27,0,0.0,0,0,205,83.33,4
Aimar Oroz,0,0.98,0,19,19,0.0,25,5,11,0,1.0,2,2,394,79.12,21
Aitor Mañas,0,0.22,1,1,1,0.0,1,0,0,0,0.0,0,0,10,83.33,2
Aitor Paredes,1,0.92,1,2,10,10.0,20,25,66,0,4.0,1,0,709,87.21,3
Aitor Ruibal,4,2.91,1,6,18,22.22,22,13,23,0,2.0,2,1,354,81.57,16
Akor Adams,6,7.52,7,8,38,15.79,5,0,17,1,2.0,1,2,124,61.39,5
Alan Matturro,1,0.24,0,0,3,33.33,15,4,31,0,3.0,0,0,217,79.49,1
Alberto Moleiro,9,4.29,3,19,33,27.27,13,6,9,0,3.0,6,4,309,75.0,22
Alberto Reina,2,1.48,2,9,12,16.67,22,9,9,0,1.0,2,0,401,83.72,12
Aleix Febas,2,1.61,1,37,17,11.76,43,12,13,0,1.0,1,1,1181,90.36,17
Alejandro Baena,2,1.34,1,8,13,15.38,11,8,5,0,2.0,6,1,287,82.47,22
Alejandro Balde,0,0.3,0,19,8,0.0,29,5,18,0,8.0,4,2,793,91.68,21
Alejandro Catena,2,1.78,1,3,12,16.67,24,21,130,2,20.0,1,2,848,84.97,9
Alejandro Francés,0,0.13,0,3,4,0.0,11,8,29,0,1.0,1,0,224,77.51,4
Alejandro Mestanza,0,0.02,0,2,1,0.0,2,0,0,0,0.0,0,0,17,73.91,0
Alejandro Rego,1,0.35,0,2,9,11.11,22,9,4,0,2.0,0,0,200,80.32,6
Alemão,1,1.72,2,3,14,7.14,4,1,8,0,2.0,0,0,67,65.05,4
Alex Sanchez,0,,0,0,0,0.0,1,0,0,0,0.0,0,1,4,66.67,1
Alexander Freeman,0,,0,0,0,0.0,0,1,1,0,0.0,0,0,20,90.91,0
Alexander Sørloth,7,5.53,9,8,39,17.95,8,0,13,0,2.0,1,0,173,65.78,8
Alexis Sánchez,2,2.15,3,4,15,13.33,13,4,3,0,0.0,1,1,212,76.81,16
Alfon González,1,0.69,1,4,11,9.09,1,1,4,0,0.0,0,0,60,82.19,6
Alfonso Espino,1,1.13,2,4,8,12.5,16,2,8,0,0.0,3,0,181,72.11,5
Alfonso Pedraza,1,0.46,0,14,6,16.67,27,12,22,1,6.0,4,2,270,78.49,12
Ali Houary,0,0.07,0,1,2,0.0,4,1,1,0,0.0,0,0,47,88.68,0
Allan Nyom,0,0.18,0,1,3,0.0,5,1,14,0,0.0,0,0,65,63.73,3
Alvaro Núñez,0,0.24,0,14,4,0.0,24,16,33,0,6.0,6,2,905,91.32,21
Ander Barrenetxea,3,1.9,4,35,21,14.29,11,10,9,0,2.0,8,3,344,80.19,29
Ander Guevara,1,0.2,0,5,4,25.0,7,7,23,0,1.0,0,0,269,81.02,2
Andoni Gorosabel,0,0.21,0,4,4,0.0,13,3,21,0,0.0,0,1,224,86.15,7
Andreas Christensen,0,0.08,0,0,2,0.0,5,2,19,0,3.0,0,0,312,95.71,1
Andrei Rațiu,0,1.82,3,33,19,0.0,42,25,50,0,2.0,5,1,654,82.78,20
Andres Castrin,0,0.21,0,2,4,0.0,15,9,49,0,9.0,0,0,391,87.47,1
André Almeida,0,0.55,1,10,8,0.0,15,8,4,0,1.0,2,1,408,91.28,11
André Silva,5,4.95,4,12,26,19.23,5,2,10,0,1.0,1,0,233,81.47,18
Angel Ortiz,0,0.04,0,5,1,0.0,16,3,11,0,3.0,1,0,133,84.18,4
Ante Budimir,11,8.92,4,3,58,18.97,14,3,27,0,4.0,1,0,146,58.17,8
Antoine Griezmann,6,4.86,5,3,27,22.22,7,2,7,0,1.0,2,0,324,84.16,14
Antonio Blanco,1,0.66,0,14,23,4.35,61,37,23,0,6.0,1,1,1032,85.43,12
Antonio Raíllo,0,0.41,1,0,9,0.0,18,14,92,0,25.0,0,1,735,87.29,6
Antonio Rüdiger,0,0.08,0,0,4,0.0,9,2,20,0,2.0,1,0,430,93.48,2
Antonio Sivera,0,,0,0,0,0.0,2,0,26,0,0.0,0,0,321,51.11,0
Antonio Sánchez,0,0.25,0,5,5,0.0,12,8,15,0,1.0,2,0,204,81.6,5
Antoniu Roca,0,0.15,0,5,3,0.0,4,0,0,0,0.0,0,0,23,74.19,2
Antony,6,4.36,7,18,51,11.76,22,15,14,0,1.0,6,4,606,82.45,35
Arda Güler,3,4.07,3,17,37,8.11,29,7,8,1,0.0,10,7,856,90.87,54
Aritz Elustondo,0,0.15,0,0,2,0.0,6,5,28,0,2.0,0,0,147,87.5,0
Arkaitz Mariezkurrena,0,,0,0,0,0.0,0,0,2,0,0.0,0,0,0,0.0,0
Arnau Martínez,1,0.71,0,8,9,11.11,41,26,80,0,5.0,3,1,669,85.33,7
Arnau Tenas,0,,0,0,0,0.0,1,0,3,0,0.0,0,0,41,48.81,0
Arnaut Danjuma,3,4.01,7,22,31,9.68,12,0,6,0,1.0,4,2,251,77.47,12
Arsen Zakharyan,0,0.11,0,0,6,0.0,8,0,1,0,0.0,2,0,109,79.56,8
Asier Hierro,0,0.07,0,0,1,0.0,0,0,1,0,0.0,0,0,6,66.67,1
Asier Osambela,1,0.43,0,0,3,33.33,5,4,18,0,2.0,0,0,94,75.81,2
Augusto Batalla,0,,0,3,0,0.0,1,0,16,0,0.0,0,0,525,66.29,2
Aurélien Tchouaméni,0,1.5,3,0,23,0.0,44,23,37,0,10.0,4,0,1098,91.42,18
Axel Witsel,1,1.53,3,2,13,7.69,18,14,35,0,2.0,0,0,633,89.41,8
Aymeric Laporte,0,0.29,1,1,6,0.0,8,12,65,0,11.0,1,1,541,90.02,2
Ayoze Pérez,2,2.29,1,9,9,22.22,16,1,5,0,0.0,2,3,104,75.91,11
Azzedine Ounahi,3,0.9,0,30,20,15.0,11,12,5,0,0.0,3,1,302,83.66,13
Bambo Diaby,0,,0,0,0,0.0,0,1,4,0,0.0,0,0,59,95.16,0
Baptiste Santamaria,1,0.37,0,6,6,16.67,11,7,29,0,2.0,2,1,331,82.13,4
Batista Mendy,1,1.07,0,8,14,7.14,28,12,20,1,5.0,0,0,508,86.69,9
Beñat Prados,0,0.03,0,1,1,0.0,3,2,0,0,0.0,0,0,37,75.51,2
Beñat Turrientes,0,0.57,0,11,13,0.0,25,2,15,0,4.0,1,1,226,85.28,4
Bojan Miovski,0,,0,0,0,0.0,0,0,0,0,0.0,0,0,2,66.67,0
Borja Iglesias,9,7.05,5,9,32,28.13,5,0,15,0,4.0,3,2,225,73.77,15
Borja Mayoral,4,2.92,3,6,14,28.57,5,5,5,0,2.0,1,1,206,80.78,4
Borja Sánchez,0,,0,0,0,0.0,0,0,0,0,,0,0,10,83.33,0
Brahim Díaz,0,0.42,0,9,7,0.0,8,1,2,0,0.0,4,4,154,90.59,12
Brais Méndez,5,3.07,2,15,26,19.23,22,5,6,0,1.0,3,2,506,81.48,18
Bryan Gil,0,1.68,2,22,19,0.0,21,7,8,1,0.0,4,3,288,83.0,15
Bryan Zaragoza,1,2.01,0,27,26,3.85,10,2,5,0,0.0,4,1,259,77.54,18
Calebe Gonçalves,0,0.13,0,16,5,0.0,25,6,2,0,1.0,1,0,252,87.2,11
Carl Starfelt,0,0.55,2,1,4,0.0,20,16,81,0,7.0,0,0,861,95.77,1
Carles Aleñá,0,1.81,1,11,21,0.0,28,6,21,1,2.0,5,3,513,84.38,22
Carlos Benavídez,0,0.19,0,0,2,0.0,3,2,10,0,3.0,0,0,94,88.68,2
Carlos Domínguez,0,0.07,0,0,1,0.0,11,3,32,0,4.0,0,0,292,91.25,1
Carlos Espí,1,0.37,0,3,4,25.0,2,0,2,0,1.0,0,0,23,54.76,0
Carlos Maciá,0,0.06,0,1,1,0.0,5,2,2,0,0.0,0,0,32,84.21,0
Carlos Martín,0,0.33,0,1,3,0.0,5,0,3,0,2.0,1,0,47,79.66,1
Carlos Romero,4,1.85,2,26,19,21.05,66,25,36,0,8.0,5,2,450,77.99,15
Carlos Soler,2,1.68,3,6,20,10.0,23,8,14,1,6.0,4,2,469,86.85,22
Carlos Vicente,5,3.56,1,11,12,41.67,27,7,14,0,2.0,7,0,378,80.08,27
Carlos Álvarez,3,1.77,0,15,23,13.04,21,10,4,0,1.0,6,1,435,80.41,33
Charles Pickel,0,0.29,1,4,7,0.0,9,3,9,0,2.0,0,0,135,80.36,2
Chidera Ejuke,1,1.07,1,34,13,7.69,11,4,3,0,0.0,1,1,170,84.58,8
Chimy Ávila,1,1.47,2,0,6,16.67,0,2,6,0,0.0,0,0,38,71.7,4
Christantus Uche,1,1.42,1,6,6,16.67,2,0,2,0,0.0,1,1,27,62.79,4
Claudio Echeverri,0,0.13,0,5,3,0.0,1,0,0,1,0.0,0,0,36,90.0,1
Clemens Riedel,0,0.13,0,1,3,0.0,18,7,48,0,4.0,0,1,385,89.74,2
Clément Lenglet,0,0.08,0,2,2,0.0,7,11,32,0,5.0,1,0,469,88.66,3
Coba da Costa,0,0.31,0,10,5,0.0,10,1,1,0,0.0,0,0,90,68.18,4
Conor Gallagher,2,1.11,1,3,13,15.38,17,11,5,0,3.0,1,0,324,90.25,4
Cristhian Stuani,3,3.71,3,2,8,37.5,3,1,2,0,0.0,0,0,22,66.67,1
Cucho Hernández,8,7.73,6,17,56,14.29,21,7,21,1,2.0,6,3,311,70.52,27
Cyril Ngonge,0,0.05,0,2,2,0.0,2,2,0,0,0.0,1,1,27,87.1,2
Cédric Bakambu,1,1.11,3,0,11,9.09,2,1,6,0,0.0,0,0,25,73.53,1
César Azpilicueta,0,,0,1,0,0.0,18,17,28,0,7.0,0,0,394,87.75,1
César Tárrega,0,0.26,0,8,7,0.0,29,17,114,2,17.0,0,0,779,85.89,2
Daley Blind,0,0.02,0,6,1,0.0,41,22,89,0,12.0,1,0,1220,90.5,9
Damián Rodríguez,0,0.06,0,0,3,0.0,0,1,3,0,0.0,0,0,106,92.98,2
Dani Calvo,0,,0,0,0,0.0,11,5,55,0,4.0,0,0,317,90.83,0
Dani Ceballos,0,0.04,0,3,3,0.0,18,6,5,0,4.0,0,0,402,92.84,9
Dani Díaz,0,,0,0,0,0.0,0,0,0,0,0.0,0,0,3,75.0,0
Dani Olmo,6,5.47,5,5,49,12.24,25,7,13,0,0.0,6,6,584,84.88,33
Dani Parejo,0,0.17,0,6,2,0.0,27,9,10,1,6.0,3,0,507,88.48,17
Dani Pérez,0,,0,1,0,0.0,0,0,0,0,0.0,0,0,1,100.0,0
Dani Raba,0,0.21,0,3,8,0.0,7,4,1,0,0.0,1,1,79,79.8,2
Dani Rodríguez,0,0.02,0,1,1,0.0,2,0,1,0,0.0,0,0,12,66.67,1
Daniel Carvajal,0,0.16,0,1,2,0.0,9,2,15,0,3.0,1,0,216,91.14,2
Daniel Vivian,0,1.01,2,2,11,0.0,31,23,95,2,10.0,1,0,738,84.63,3
David Affengruber,0,0.44,1,6,6,0.0,42,31,112,1,18.0,0,0,1081,87.39,5
David Alaba,0,0.03,0,0,1,0.0,1,0,4,0,2.0,0,0,88,93.62,0
David Carmo,1,0.89,0,2,9,11.11,23,14,112,1,14.0,0,0,623,84.88,4
David Costas,0,0.45,1,7,1,0.0,22,19,81,1,11.0,1,0,603,88.03,4
David Jiménez,0,0.11,1,0,1,0.0,1,0,1,0,0.0,0,0,34,97.14,0
David López,0,,0,0,0,0.0,4,2,44,0,7.0,0,0,71,76.34,0
David Soria,0,,0,0,0,0.0,0,0,28,2,0.0,0,0,318,45.76,1
Davinchi,0,0.21,0,8,3,0.0,14,3,16,0,1.0,0,0,89,60.54,2
Dawda Camara,0,0.12,0,0,2,0.0,1,1,0,0,0.0,0,0,7,70.0,2
Dean Huijsen,1,1.8,2,1,16,6.25,21,15,80,0,9.0,1,2,914,88.82,9
Denis Suárez,1,0.79,2,13,5,20.0,16,4,7,0,3.0,1,0,534,86.41,13
Diego Llorente,1,0.67,0,0,1,100.0,5,7,27,0,2.0,0,0,132,88.0,0
Diego López,3,2.23,3,6,21,14.29,12,8,9,0,2.0,3,0,250,73.53,10
Diego Morcillo,0,0.45,1,0,1,0.0,0,0,0,0,0.0,0,0,2,50.0,0
Diego Pampín,0,0.02,0,4,1,0.0,7,3,12,0,0.0,0,0,96,80.67,1
Diego Rico,0,0.18,0,6,9,0.0,44,28,48,0,3.0,1,0,350,65.42,10
Dimitri Foulquier,0,0.57,0,10,6,0.0,15,8,40,0,1.0,0,0,439,84.75,6
Djené,0,0.13,0,7,4,0.0,24,15,105,0,8.0,0,0,462,80.07,1
Djibril Sow,2,0.94,1,3,12,16.67,24,13,7,0,1.0,1,0,491,88.63,13
Dodi Lukebakio,1,0.08,0,1,2,50.0,0,1,0,0,0.0,1,0,62,86.11,9
Domingos Duarte,0,0.63,0,0,8,0.0,18,20,126,0,8.0,0,0,457,77.46,0
Donny van de Beek,0,0.09,0,0,2,0.0,0,0,2,0,1.0,0,0,12,92.31,0
Dro Fernández,0,,0,4,0,0.0,1,0,0,0,0.0,0,0,40,85.11,2
Duje Ćaleta-Car,0,0.64,1,0,6,0.0,10,15,58,0,11.0,0,0,627,88.94,3
Dávid Hancko,0,0.81,1,6,15,0.0,39,14,64,0,6.0,4,2,931,86.28,12
Edu Expósito,0,1.63,3,18,26,0.0,31,14,18,0,1.0,8,5,495,77.46,56
Eduardo Camavinga,1,1.06,0,11,10,10.0,42,8,14,0,5.0,1,0,602,92.05,9
Endrick,0,,0,1,0,0.0,0,0,0,0,0.0,0,0,0,0.0,0
Eray Cömert,1,0.33,0,0,1,100.0,10,9,31,0,1.0,0,0,168,82.35,1
Eric Bailly,0,0.22,0,0,2,0.0,3,8,23,0,8.0,0,0,182,88.78,0
Eric García,1,2.61,3,2,19,5.26,52,33,56,0,7.0,1,1,1358,91.02,24
Etta Eyong,6,7.3,8,10,40,15.0,27,4,15,0,0.0,3,3,168,70.0,12
Facundo Garcés,0,0.3,1,0,7,0.0,12,7,63,0,8.0,0,0,297,84.86,0
Federico Gattoni,0,,0,0,0,0.0,0,0,2,0,0.0,0,0,1,100.0,0
Federico Redondo,0,,0,0,0,0.0,1,3,4,0,0.0,0,0,33,86.84,0
Federico Valverde,1,1.65,1,15,32,3.13,34,15,40,1,6.0,5,6,1122,89.12,32
Federico Viñas,3,4.03,7,25,23,13.04,29,7,7,0,1.0,3,0,186,74.7,16
Fer López,0,,0,11,0,0.0,0,0,3,0,1.0,0,0,105,82.03,3
Ferland Mendy,0,,0,0,0,0.0,0,0,0,0,0.0,0,0,2,66.67,0
Fermín López,4,3.83,4,21,37,10.81,23,5,3,0,0.0,10,5,430,87.04,21
Fernando Calero,0,1.58,4,2,9,0.0,20,21,94,0,25.0,1,0,804,88.64,3
Ferran Jutglà,2,2.6,2,5,21,9.52,5,3,8,0,1.0,1,1,158,77.45,10
Ferran Torres,12,11.27,17,5,51,23.53,4,3,4,0,1.0,3,1,214,74.05,17
Filip Ugrinić,0,0.47,0,6,9,0.0,10,6,15,0,2.0,3,3,281,82.89,9
Flavien Boyomo,1,0.45,0,3,3,33.33,45,12,83,1,12.0,2,1,618,82.4,7
Florian Lejeune,0,1.06,0,5,28,0.0,39,25,122,0,18.0,1,0,1176,88.22,9
Fran Beltrán,0,0.36,0,2,9,0.0,17,8,9,0,3.0,1,0,466,91.19,2
Fran García,1,0.71,1,1,3,33.33,9,4,3,0,3.0,0,0,178,89.45,2
Fran Pérez,1,1.11,2,8,8,12.5,9,2,2,0,1.0,3,0,159,81.96,11
Franco Mastantuono,1,2.13,3,15,22,4.55,20,2,1,0,0.0,2,0,333,90.74,9
Frenkie de Jong,0,0.69,0,4,6,0.0,35,16,13,0,4.0,8,4,1099,93.93,26
Fábio Cardoso,0,,0,0,0,0.0,5,3,22,0,1.0,0,0,131,92.91,0
Gabriel Suazo,0,0.42,0,10,4,0.0,55,14,26,1,3.0,4,1,526,84.43,29
Georges Mikautadze,6,4.51,10,13,32,18.75,1,3,4,0,1.0,5,4,129,70.11,13
Gerard Gumbau,0,0.22,0,4,8,0.0,10,3,13,0,2.0,0,1,169,84.5,7
Gerard Martín,0,0.05,0,4,2,0.0,25,14,44,0,4.0,1,0,818,89.79,10
Gerard Moreno,7,3.72,2,9,21,33.33,10,3,6,0,1.0,4,0,223,77.7,18
Germán Valera,4,2.27,1,22,19,21.05,37,11,22,0,6.0,5,3,647,87.91,26
Giacomo Raspadori,0,0.69,1,1,7,0.0,2,0,1,0,0.0,2,1,72,79.12,4
Giovani Lo Celso,2,2.4,2,14,27,7.41,14,5,4,0,0.0,6,2,598,87.94,25
Giuliano Simeone,2,3.76,7,24,30,6.67,32,14,8,0,1.0,6,5,561,81.78,22
Goduine Koyalipou,1,1.02,1,9,10,10.0,4,1,4,0,0.0,1,0,31,57.41,1
Gonzalo García,3,2.53,3,1,8,37.5,8,2,4,0,0.0,0,0,115,87.12,5
Gonzalo Villar,0,,0,0,0,0.0,1,0,1,0,0.0,0,0,5,83.33,0
Gonçalo Guedes,6,2.8,2,15,30,20.0,19,3,5,0,0.0,4,3,271,72.46,17
Gorka Carrera Zarranz,0,,0,0,0,0.0,0,0,0,0,0.0,0,0,2,100.0,0
Gorka Guruzeta,4,6.07,7,7,47,8.51,10,4,10,0,0.0,5,1,215,72.88,16
Grady Diangana,1,0.64,0,4,11,9.09,7,4,6,0,3.0,1,0,166,84.69,6
Guido Rodríguez,0,0.03,0,0,1,0.0,2,0,0,0,0.0,0,0,19,90.48,0
Haissem Hassan,0,1.3,1,46,26,0.0,20,3,6,1,0.0,1,2,259,80.94,15
Hector Fort,1,0.55,1,8,10,10.0,8,5,6,0,1.0,0,2,98,85.22,4
Hugo Burcio,0,,0,0,0,0.0,1,0,0,0,0.0,0,0,5,100.0,0
Hugo Duro,7,5.16,4,3,24,29.17,9,3,16,0,6.0,1,0,202,71.89,12
Hugo Lopez,0,,0,0,0,0.0,1,1,0,0,0.0,0,0,5,100.0,0
Hugo Rincón,0,0.76,2,7,4,0.0,24,5,29,0,6.0,1,1,397,82.54,8
Hugo Solozábal,0,,0,0,0,0.0,0,0,0,0,0.0,0,0,5,100.0,0
Hugo Sotelo,0,0.09,0,0,2,0.0,23,12,13,0,7.0,4,1,624,91.9,20
Hugo Álvarez,2,0.85,1,5,5,40.0,8,4,6,0,0.0,2,1,253,84.9,11
Héctor Bellerín,0,0.15,0,5,3,0.0,14,7,53,0,1.0,4,2,502,86.7,18
Iago Aspas,2,2.77,1,9,17,11.76,10,9,1,0,0.0,4,3,360,78.77,24
Igor Zubeldia,0,0.24,0,1,5,0.0,27,17,129,0,12.0,1,1,767,87.16,5
Iker Benito,1,0.6,0,1,2,50.0,1,2,5,0,1.0,0,0,61,81.33,2
Iker Losada,2,1.52,2,3,9,22.22,3,7,3,0,0.0,1,0,60,64.52,5
Iker Muñoz,0,0.13,0,3,4,0.0,7,6,12,0,1.0,0,0,187,85.0,1
Ilaix Moriba,0,1.08,2,8,15,0.0,54,14,19,2,4.0,3,1,531,86.2,13
Ilias Akhomach,0,0.9,3,2,10,0.0,15,1,3,0,2.0,1,0,88,88.0,5
Ilyas Chaira,2,3.65,3,19,37,5.41,25,5,9,0,4.0,2,1,314,84.64,8
Ionuț Radu,0,,0,1,0,0.0,0,0,23,1,0.0,0,0,397,69.53,0
Isaac Romero,3,4.35,7,7,26,11.54,11,1,11,0,0.0,2,0,148,72.2,7
Isco,0,0.08,0,0,2,0.0,0,0,0,0,0.0,1,1,14,73.68,2
Isi Palazón,2,4.02,4,19,34,5.88,16,1,13,0,5.0,5,3,513,82.34,25
Ismael Bekhoucha,0,0.02,0,2,1,0.0,6,2,4,0,0.0,1,1,12,63.16,1
Ivan Corralejo,0,,0,0,0,0.0,0,0,0,0,0.0,0,0,7,100.0,0
Iván Balliu,0,0.33,1,3,2,0.0,5,3,4,0,1.0,0,0,122,84.72,1
Iván Martín,0,0.6,2,20,7,0.0,48,12,20,0,2.0,1,1,851,88.46,14
Iván Romero,4,5.47,9,24,36,11.11,20,7,8,0,2.0,2,1,253,73.76,13
Iñaki Peña,0,,0,0,0,0.0,0,0,20,1,0.0,1,0,658,74.02,3
Iñaki Williams,1,3.19,5,5,31,3.23,5,1,5,0,0.0,4,2,166,72.17,12
Iñigo Arguibide,0,,0,0,0,0.0,3,2,6,0,1.0,0,0,24,63.16,1
Iñigo Ruiz de Galarreta,1,0.58,0,25,14,7.14,40,10,11,0,3.0,2,1,632,83.49,14
Jairo Izquierdo,0,,0,0,0,0.0,0,0,0,0,0.0,0,0,11,84.62,0
Jan Oblak,0,,0,0,0,0.0,0,0,18,0,0.0,0,0,482,74.15,0
Jan Salas,0,,0,1,0,0.0,0,0,1,0,,0,0,6,60.0,0
Jan Virgili,0,1.6,0,33,21,0.0,10,4,7,0,2.0,7,4,208,76.19,24
Jano Monserrate,0,,0,0,0,0.0,2,0,0,0,0.0,0,0,5,83.33,0
Javi Galán,0,0.1,0,18,2,0.0,21,10,25,0,0.0,1,1,271,84.16,14
Javi Llabrés,0,0.31,1,1,4,0.0,3,0,3,0,0.0,0,0,36,81.82,1
Javi López,0,0.06,0,3,1,0.0,17,3,17,0,1.0,1,0,157,75.48,9
Javi Puado,2,3.47,6,5,15,13.33,4,3,3,0,1.0,2,0,167,83.92,10
Javi Rodríguez,0,0.5,1,5,8,0.0,24,13,53,1,7.0,0,0,975,90.7,7
Javier Guerra,0,1.12,2,12,13,0.0,12,13,18,0,3.0,3,2,411,78.59,11
Javier Muñoz,0,0.34,0,4,12,0.0,7,4,6,0,1.0,0,0,107,66.88,5
Javier Rueda,2,1.01,1,12,8,25.0,12,12,22,0,5.0,4,3,231,74.04,5
Jeremy Toljan,1,0.81,0,1,6,16.67,40,21,56,0,13.0,8,3,461,74.35,18
Jesús Areso,0,0.12,0,12,3,0.0,17,15,34,0,7.0,3,1,391,83.73,17
Jesús Vázquez,0,0.25,0,16,6,0.0,14,1,18,0,3.0,0,0,210,87.14,7
Jhon Solís,0,0.16,0,3,3,0.0,3,4,8,0,1.0,0,0,145,88.41,1
Joan García,0,,0,1,0,0.0,3,1,21,1,0.0,0,0,427,89.14,0
Joan Jordán,0,,0,0,0,0.0,0,0,6,0,0.0,0,0,21,77.78,0
Job Ochieng,0,,0,0,0,0.0,1,0,0,0,0.0,0,0,9,75.0,2
Joel Roca,1,1.39,1,25,22,4.55,13,1,9,0,1.0,1,0,170,82.93,9
Jofre Carreras,0,0.7,0,15,12,0.0,6,4,6,0,0.0,2,0,100,72.46,10
Jofre Torrents,0,,0,0,0,0.0,2,0,2,0,0.0,0,0,30,88.24,0
Johan Mojica,0,0.32,0,12,12,0.0,42,13,61,0,2.0,4,3,582,76.68,21
John Donald,1,0.38,0,2,5,20.0,11,4,9,0,1.0,0,0,184,89.76,0
Johnny Cardoso,0,0.08,0,3,2,0.0,21,7,10,0,2.0,1,0,241,88.28,2
Jon Ander Olasagasti,1,0.23,0,2,7,14.29,12,5,13,0,5.0,3,2,202,78.6,7
Jon Aramburu,1,1.47,2,4,15,6.67,72,26,61,0,6.0,0,0,652,79.13,7
Jon Gorrotxategi,1,0.64,0,8,10,10.0,37,30,31,0,7.0,2,3,748,84.9,12
Jon Guridi,0,1.04,2,4,6,0.0,9,3,6,0,0.0,0,0,195,78.95,1
Jon Karrikaburu,0,0.9,2,0,6,0.0,1,0,0,0,0.0,0,0,10,58.82,1
Jon Martin,0,0.96,2,6,11,0.0,16,21,84,0,5.0,0,0,690,91.51,2
Jon Moncayola,0,1.65,3,10,16,0.0,31,15,33,0,3.0,7,4,714,78.9,26
Jon Pacheco,0,0.3,0,2,4,0.0,33,11,86,0,18.0,1,0,720,86.54,5
Jones El-Abdellaoui,2,2.28,2,10,12,16.67,3,1,9,0,0.0,0,0,89,83.96,7
Jonny Otto,0,0.39,2,18,6,0.0,47,31,43,0,8.0,2,0,1034,86.09,12
Jorge Cabello,0,,0,2,0,0.0,7,0,22,1,4.0,0,0,106,86.18,0
Jorge Cestero,0,,0,0,0,0.0,1,0,1,0,0.0,0,0,4,66.67,0
Jorge Herrando,0,0.29,1,2,3,0.0,24,11,75,0,8.0,1,1,356,83.96,2
Jorge Montes,0,,0,2,0,0.0,3,0,0,0,0.0,1,0,8,88.89,1
Jorge de Frutos,7,5.45,7,15,32,21.88,20,4,8,0,0.0,1,1,189,76.83,19
Josan,0,0.26,0,5,3,0.0,7,1,4,0,1.0,3,2,149,89.76,11
Jose Salinas,0,,0,3,0,0.0,2,2,5,0,2.0,0,0,92,85.98,4
Josep Chavarría,1,0.45,1,12,14,7.14,40,25,58,1,12.0,3,2,796,84.95,16
Joseph Aidoo,0,0.24,2,1,2,0.0,2,4,18,0,1.0,0,0,77,91.67,0
Josip Brekalo,0,0.29,0,4,9,0.0,12,3,1,0,0.0,3,0,152,72.73,11
José Copete,0,1.49,3,7,11,0.0,25,22,109,1,15.0,0,0,807,86.03,5
José Luis Gayà,1,0.64,1,5,8,12.5,40,11,50,1,5.0,2,1,448,81.45,13
José Luis Morales,1,2.02,4,9,8,12.5,7,3,2,0,1.0,2,1,78,72.22,6
José Luis Pérez,0,0.04,0,0,1,0.0,0,0,2,0,0.0,0,0,1,25.0,0
José María Giménez,0,1.32,2,0,9,0.0,11,10,33,0,6.0,0,0,457,89.78,0
José Ángel Carmona,1,0.53,1,13,14,7.14,50,26,58,1,7.0,3,3,704,82.34,11
Jozhua Vertrouwd,0,0.05,0,0,1,0.0,4,3,13,1,3.0,0,0,126,92.65,2
João Cancelo,0,,0,1,0,0.0,3,1,3,0,0.0,1,0,53,88.33,1
Juan Arango,0,,0,2,0,0.0,0,0,0,0,0.0,0,0,3,100.0,0
Juan Cruz,0,0.39,1,2,1,0.0,4,3,21,0,4.0,0,0,177,87.19,2
Juan Foyth,0,0.12,0,3,2,0.0,20,16,56,0,10.0,0,0,507,89.73,0
Juan Iglesias,1,0.88,0,19,18,5.56,61,14,79,2,6.0,2,2,377,65.57,9
Juan Musso,0,,0,0,0,0.0,0,0,1,0,0.0,0,0,25,96.15,0
Juanlu Sánchez,0,0.66,0,17,10,0.0,41,8,22,0,0.0,3,2,431,82.25,17
Juanmi,1,0.15,2,1,2,50.0,2,0,0,0,0.0,0,0,24,66.67,3
Jude Bellingham,4,5.35,6,23,36,11.11,41,12,12,0,1.0,3,3,738,89.89,30
Julen Agirrezabala,0,,0,0,0,0.0,2,0,25,0,0.0,0,0,344,69.64,1
Jules Koundé,1,1.12,3,15,10,10.0,34,18,44,0,9.0,3,1,1148,90.25,13
Julián Alvarez,7,6.88,7,22,46,15.22,14,2,4,0,0.0,9,3,472,82.95,42
Junior Firpo,0,0.46,0,3,5,0.0,19,6,23,1,1.0,2,1,218,82.89,7
Kareem Tunde,0,0.25,0,6,5,0.0,7,3,2,0,0.0,1,0,52,68.42,2
Kervin Arriaga,1,0.28,0,4,7,14.29,26,9,33,1,9.0,1,1,418,83.77,3
Kike Barja,0,0.06,0,2,1,0.0,4,0,4,0,1.0,0,0,32,68.09,2
Kike García,3,4.68,6,7,32,9.38,7,3,11,0,1.0,3,1,125,61.58,15
Kike Salas,1,0.86,0,2,10,10.0,25,20,82,0,9.0,0,0,613,82.28,3
Kiko Femenía,0,0.12,0,5,5,0.0,31,25,32,0,2.0,1,1,375,79.45,12
Koke,2,0.37,0,2,8,25.0,33,13,21,0,1.0,2,2,1155,92.55,18
Kwasi Sibo,0,0.27,0,2,6,0.0,13,5,12,0,2.0,0,0,279,87.74,2
Kylian Mbappé,23,20.5,14,62,109,21.1,2,2,0,0,0.0,8,4,651,87.15,53
Ladislav Krejčí,0,0.12,0,0,1,0.0,2,1,1,0,,0,0,92,88.46,0
Lamine Yamal,10,7.56,4,99,80,12.5,27,7,3,0,0.0,20,8,781,81.1,54
Lander Astiazaran,0,0.03,0,0,1,0.0,0,0,0,0,0.0,0,0,0,0.0,0
Lander Pinillos,0,,0,0,0,0.0,0,0,0,0,0.0,0,0,1,100.0,0
Largie Ramazani,1,1.48,1,9,11,9.09,3,1,0,0,0.0,1,1,47,74.6,2
Lass Kourouma,0,,0,0,0,0.0,0,1,0,0,0.0,0,0,10,76.92,0
Leander Dendoncker,1,0.8,1,4,9,11.11,36,12,34,0,7.0,0,0,474,86.34,6
Leandro Cabrera,3,2.22,4,4,27,11.11,24,14,114,1,13.0,1,0,749,81.24,6
Leo Román,0,,0,0,0,0.0,1,1,15,2,0.0,0,0,351,65.0,0
Luca Koleosho,0,0.04,0,4,1,0.0,1,1,1,0,0.0,0,0,23,95.83,1
Lucas Ahijado,0,0.92,2,10,8,0.0,38,11,26,0,3.0,1,1,250,78.13,5
Lucas Beltrán,1,2.67,5,15,26,3.85,16,4,10,0,1.0,4,2,224,77.24,11
Lucas Bergström,0,,0,0,0,0.0,0,0,16,0,0.0,0,0,78,53.79,0
Lucas Boyé,5,5.1,7,26,39,12.82,24,5,9,0,3.0,3,1,209,74.38,18
Lucas Cepeda,0,0.43,1,1,5,0.0,3,0,0,0,0.0,0,0,39,81.25,2
Lucas Torró,0,1.07,1,6,17,0.0,22,18,36,0,3.0,1,1,520,74.93,10
Lucien Agoumé,1,0.69,0,7,11,9.09,36,26,25,1,4.0,5,2,678,81.69,19
Luis Milla,0,0.72,0,15,17,0.0,30,23,30,0,5.0,11,8,712,78.94,53
Luis Rioja,2,1.55,0,21,29,6.9,20,11,20,0,0.0,4,3,390,77.69,23
Luis Vázquez,2,0.45,0,0,7,28.57,2,0,2,0,0.0,0,0,27,61.36,1
Luiz Felipe,0,0.38,0,0,3,0.0,5,5,14,0,1.0,0,0,156,91.23,0
Luiz Júnior,0,,0,0,0,0.0,0,1,43,0,0.0,0,0,327,72.99,0
Luka Ilić,1,0.43,2,1,5,20.0,9,4,7,0,3.0,0,0,132,80.0,1
Luka Sučić,1,1.05,1,4,8,12.5,6,1,7,0,0.0,0,0,124,78.48,3
Léo Pétrot,0,0.42,0,2,5,0.0,24,7,40,0,8.0,1,0,483,86.25,2
Manor Solomon,1,0.42,0,6,2,50.0,1,0,0,0,0.0,1,1,42,85.71,2
Manu Bueno,0,0.03,0,0,1,0.0,2,0,3,0,0.0,0,0,44,91.67,2
Manu Fernández,0,0.05,0,1,2,0.0,13,7,30,0,3.0,0,0,441,90.18,3
Manu Morlanes,1,0.59,0,4,4,25.0,34,11,13,0,2.0,1,0,385,88.1,10
Manuel Sánchez,1,0.63,1,8,8,12.5,48,20,54,0,3.0,1,1,429,80.64,11
Marash Kumbulla,0,0.1,0,1,3,0.0,3,2,13,0,2.0,0,0,226,78.75,1
Marc Aguado,0,0.04,0,0,1,0.0,33,31,28,0,15.0,0,1,764,90.09,3
Marc Bartra,1,0.25,0,5,9,11.11,41,23,122,0,22.0,0,0,725,85.7,4
Marc Bernal,1,0.46,0,2,3,33.33,5,0,6,0,0.0,2,1,156,91.76,4
Marc Casadó,0,0.48,0,2,9,0.0,11,6,4,0,2.0,0,1,633,91.21,10
Marc Domenech,0,0.11,0,1,3,0.0,3,0,4,0,0.0,1,1,19,59.38,2
Marc Pubill,0,0.11,0,1,4,0.0,12,14,44,0,12.0,1,1,388,88.58,2
Marc Roca,0,1.05,2,8,9,0.0,29,12,21,0,4.0,2,1,573,86.69,10
Marc-André Ter Stegen,0,,0,0,0,0.0,0,0,1,0,0.0,0,0,69,92.0,0
Marco Esteban,0,,0,0,0,0.0,0,0,2,0,0.0,0,0,11,84.62,0
Marcos Alonso,1,1.69,0,6,17,5.88,25,19,104,0,11.0,1,0,1375,90.1,10
Marcos Llorente,0,1.67,1,11,13,0.0,40,9,40,0,1.0,7,3,955,89.25,15
Marcus Rashford,4,5.73,9,19,63,6.35,7,1,13,0,1.0,5,6,465,83.78,33
Marcão,0,0.71,1,1,10,0.0,13,5,59,1,5.0,0,0,407,87.34,0
Mariano Díaz,0,0.16,0,1,5,0.0,3,0,2,0,1.0,2,0,25,64.1,2
Mario Martín,2,1.14,0,10,21,9.52,43,6,14,0,3.0,0,0,308,75.86,7
Marko Dmitrović,0,,0,0,0,0.0,3,0,18,0,0.0,0,0,356,56.24,1
Maroan Sannadi,1,1.02,0,1,7,14.29,0,1,3,0,0.0,1,0,46,71.88,2
Martim Neto,2,0.84,1,18,12,16.67,13,2,11,1,1.0,3,4,424,89.26,20
Martin Valjent,0,0.57,0,4,13,0.0,28,13,140,0,12.0,0,0,831,85.76,1
Martín Satriano,1,0.85,0,6,11,9.09,6,4,7,0,0.0,1,0,75,63.03,4
Mateo Joseph,2,3.76,6,11,25,8.0,22,8,16,0,3.0,3,2,179,81.36,10
Mateu Morey,1,0.3,0,4,4,25.0,16,6,27,1,3.0,1,0,147,77.37,3
Mathew Ryan,0,,0,0,0,0.0,1,1,25,0,0.0,0,0,436,67.81,0
Matias Moreno,0,0.39,1,2,4,0.0,17,20,68,0,11.0,0,0,394,85.65,2
Matteo Ruggeri,0,0.08,0,2,3,0.0,28,9,37,0,1.0,1,0,444,87.92,12
Matías Dituro,0,,0,0,0,0.0,0,0,14,0,0.0,0,0,351,75.32,2
Matías Vecino,0,,0,0,0,0.0,0,0,0,0,0.0,0,0,12,85.71,0
Mauro Arambarri,4,3.73,3,15,39,10.26,45,14,22,0,4.0,1,1,406,75.75,13
Miguel Román,1,0.91,1,2,8,12.5,25,9,16,0,6.0,3,0,480,87.91,13
Miguel Rubio,1,0.65,0,1,1,100.0,1,0,18,0,4.0,0,0,47,74.6,0
Miguel Sierra,0,0.18,0,2,4,0.0,4,0,2,0,0.0,0,0,15,62.5,0
Mihailo Ristić,0,0.02,0,6,1,0.0,1,2,7,0,2.0,0,0,120,83.92,2
Mikel Goti,0,0.35,1,2,3,0.0,0,0,1,1,1.0,0,0,14,48.28,0
Mikel Jauregizar,1,1.26,0,5,27,3.7,50,37,21,0,2.0,1,0,786,82.48,21
Mikel Oyarzabal,9,9.79,11,23,58,15.52,19,2,19,0,2.0,9,3,329,76.69,30
Mikel Vesga,0,0.13,1,2,2,0.0,10,7,7,0,0.0,0,0,120,78.95,1
Moi Gómez,0,0.28,0,4,8,0.0,12,9,7,1,1.0,1,0,566,88.85,7
Mouctar Diakhaby,1,0.53,0,1,4,25.0,8,10,43,1,2.0,0,0,280,87.5,1
Mourad El Ghezouani,0,0.07,0,0,1,0.0,4,0,0,0,0.0,0,0,11,73.33,1
Moussa Diarra,0,,0,1,0,0.0,6,1,6,0,0.0,0,0,41,64.06,1
Nacho Vidal,0,1.17,2,6,7,0.0,21,16,42,0,3.0,0,0,349,81.92,2
Nahuel Molina,0,0.03,0,4,2,0.0,16,7,13,0,3.0,2,1,273,80.77,12
Nahuel Tenaglia,1,0.9,1,8,14,7.14,35,23,100,1,17.0,1,0,768,86.58,5
Natan,0,0.31,0,2,8,0.0,21,26,153,1,12.0,0,0,801,87.54,5
Neal Maupay,1,0.39,1,1,4,25.0,1,0,0,0,1.0,0,0,41,78.85,3
Nelson Deossa,0,0.36,0,20,14,0.0,10,3,8,0,0.0,1,0,176,85.02,5
Nemanja Gudelj,1,0.58,0,4,15,6.67,24,11,72,0,9.0,0,0,589,89.38,2
Nico Serrano,1,0.56,0,5,12,8.33,3,2,2,0,0.0,1,0,75,82.42,6
Nico Williams,4,4.5,4,47,37,10.81,12,6,7,0,0.0,5,2,348,76.48,27
Nicolas Fonseca,0,0.05,0,1,2,0.0,7,1,1,0,3.0,0,0,33,75.0,1
Nicolas Pépé,3,5.27,6,31,35,8.57,24,11,16,0,0.0,7,3,392,83.05,34
Nicolás González,1,2.4,4,15,30,3.33,15,9,17,1,2.0,3,0,282,74.02,9
Nobel Mendy,1,1.43,2,3,9,11.11,12,11,75,0,11.0,0,0,483,86.71,1
Obed Vargas,0,,0,0,0,0.0,0,0,0,0,0.0,0,0,12,85.71,0
Odysseas Vlachodimos,0,,0,0,0,0.0,0,1,24,0,0.0,0,0,410,65.6,0
Oier Luengo,0,0.04,0,0,1,0.0,6,2,5,0,2.0,0,1,78,88.64,1
Oihan Sancet,1,3.33,3,7,27,3.7,10,3,7,0,2.0,0,0,299,81.47,16
Omar El Hilali,0,0.01,0,3,1,0.0,44,21,45,1,6.0,2,2,608,82.05,9
Omar Falah,0,,0,0,0,0.0,0,0,2,0,0.0,0,0,6,85.71,0
Omar Mascarell,1,0.05,0,2,1,100.0,26,21,39,1,8.0,1,1,385,81.91,5
Oriol Rey,0,0.29,0,1,4,0.0,15,6,18,0,2.0,0,0,270,83.85,2
Orri Steinn Óskarsson,2,1.52,3,1,6,33.33,3,1,5,0,0.0,1,0,18,54.55,1
Oso,0,0.67,1,6,8,0.0,8,2,5,0,1.0,2,1,163,80.3,12
Ovie Ejaria,0,0.14,0,2,3,0.0,4,2,3,0,0.0,0,0,82,87.23,1
Pablo Agudín,0,0.04,0,1,2,0.0,0,0,2,0,0.0,0,0,6,50.0,0
Pablo Barrios,1,1.7,1,32,21,4.76,29,23,12,0,2.0,3,1,882,89.0,20
Pablo Cuñat,0,,0,0,0,0.0,0,0,6,0,0.0,0,0,29,50.88,0
Pablo Durán,2,2.43,2,5,20,10.0,10,3,10,0,2.0,2,2,156,69.33,6
Pablo Fornals,6,2.87,1,17,32,18.75,27,24,16,0,2.0,4,4,945,85.91,49
Pablo García,0,1.14,1,5,11,0.0,10,4,1,0,0.0,0,0,70,79.55,2
Pablo Gavi,0,,0,0,0,0.0,2,0,1,0,0.0,0,1,63,94.03,3
Pablo Ibáñez,1,3.5,3,26,32,3.13,30,13,22,0,7.0,1,1,581,85.44,12
Pablo Maffeo,1,0.18,0,24,3,33.33,43,20,57,0,14.0,0,0,365,73.74,8
Pablo Martínez,1,1.73,1,10,23,4.35,12,15,18,0,9.0,5,2,303,76.52,17
Pablo Marín,0,1.15,2,11,12,0.0,12,5,8,0,1.0,0,0,218,80.44,6
Pablo Torre,1,0.69,1,5,8,12.5,6,7,8,0,2.0,1,2,299,81.69,20
Paco Cortés,0,0.03,0,2,1,0.0,1,0,0,0,0.0,0,0,9,56.25,0
Pape Gueye,2,1.01,1,6,21,9.52,17,14,26,1,4.0,2,1,439,81.3,10
Pathé Ismaël Ciss,1,1.63,2,4,11,9.09,31,17,36,0,8.0,0,0,665,89.26,7
Pau Cubarsí,0,0.47,0,1,8,0.0,26,18,67,0,9.0,1,0,1509,94.61,4
Pau López,0,,0,0,0,0.0,0,0,7,0,0.0,0,0,166,75.11,0
Pau Navarro,0,0.02,0,5,1,0.0,36,7,32,1,8.0,1,0,413,84.8,2
Paulo Gazzaniga,0,,0,0,0,0.0,0,0,24,2,0.0,0,0,440,64.9,0
Pedri,2,1.48,4,24,17,11.76,28,14,12,0,1.0,5,5,1111,91.14,38
Pedro Bigas,0,0.57,1,3,7,0.0,26,19,50,0,9.0,3,2,908,90.08,8
Pedro Díaz,0,0.8,0,6,25,0.0,24,2,10,0,0.0,2,0,409,87.02,17
Pelayo Fernández,0,0.04,0,0,1,0.0,1,0,3,0,0.0,0,0,30,85.71,0
Pepelu,2,3.5,2,7,22,9.09,47,17,48,1,5.0,1,0,935,86.49,19
Peque Fernández,2,0.97,0,14,14,14.29,10,1,2,0,0.0,0,1,266,81.1,15
Pere Milla,6,5.82,5,6,48,12.5,25,11,10,0,3.0,4,0,279,73.23,28
Pol Lozano,1,0.37,0,1,11,9.09,25,16,15,0,2.0,0,0,597,87.41,17
Portu,0,1.36,3,0,9,0.0,4,2,0,0,1.0,0,0,56,71.79,3
Rafa Marín,1,0.32,0,1,3,33.33,26,14,85,0,12.0,0,0,698,90.53,3
Rafa Mir,6,5.61,7,5,50,12.0,9,5,15,0,1.0,1,0,268,82.46,6
Ramón Martínez,0,,0,0,0,0.0,0,1,2,0,0.0,0,0,57,89.06,0
Ramón Terrats,1,0.65,0,3,5,20.0,16,7,4,0,2.0,2,0,85,76.58,5
Randy Nteka,0,0.22,0,1,4,0.0,2,0,2,0,1.0,0,0,21,77.78,1
Raphinha,8,6.1,2,12,40,20.0,8,1,6,0,0.0,9,3,342,81.43,29
Raúl Asencio,2,0.8,1,1,12,16.67,13,6,42,0,9.0,0,0,688,94.12,4
Raúl García de Haro,4,3.81,3,9,22,18.18,12,6,9,0,1.0,0,0,109,70.32,5
Raúl Moro,0,0.09,0,3,3,0.0,1,0,1,0,0.0,0,1,44,88.0,4
Renato Veiga,0,0.17,0,0,8,0.0,14,13,92,0,19.0,0,0,857,87.36,1
Ricardo Rodríguez,0,0.1,0,1,2,0.0,12,6,50,0,2.0,1,1,350,86.63,5
Robert Lewandowski,10,9.97,12,7,44,22.73,3,2,8,0,0.0,3,1,141,77.47,9
Robert Navarro,5,3.38,0,11,13,38.46,7,4,8,0,1.0,3,1,192,81.01,15
Roberto Fernández,5,5.47,4,6,41,12.2,7,4,20,0,2.0,6,2,167,69.58,16
Robin Le Normand,1,0.44,1,0,3,33.33,19,9,63,1,4.0,0,0,644,91.09,1
Rodrigo Mendoza,1,0.66,0,15,12,8.33,12,4,5,0,0.0,1,0,383,85.87,10
Rodrigo Riquelme,0,1.84,4,7,17,0.0,9,3,4,0,0.0,1,1,195,83.33,13
Rodrygo,1,1.89,1,17,24,4.17,12,3,3,0,0.0,7,3,283,90.42,16
Roger Brugué,0,2.21,4,9,18,0.0,10,4,16,0,1.0,2,1,168,80.77,6
Ronald Araújo,2,0.38,0,0,6,33.33,10,8,25,0,4.0,0,0,442,92.86,1
Roony Bardghji,1,1.04,3,14,13,7.69,2,0,2,0,0.0,3,1,129,87.16,9
Ruben Vargas,3,2.04,0,9,22,13.64,10,4,6,0,0.0,3,4,229,70.9,11
Rubén García,2,1.36,0,7,19,10.53,34,8,16,0,0.0,7,5,389,78.59,26
Rubén Iranzo,0,,0,0,0,0.0,1,0,2,0,0.0,0,0,2,100.0,0
Rubén Sánchez,0,0.05,0,11,3,0.0,5,9,16,1,4.0,0,0,168,77.42,2
Salomón Rondón,2,3.03,4,9,24,8.33,3,1,12,0,1.0,0,0,148,71.84,5
Samu Becerra,0,,0,0,0,0.0,0,0,0,0,0.0,0,0,11,91.67,1
Samú Costa,4,1.86,1,9,20,20.0,36,17,60,0,10.0,0,0,547,77.59,10
Santi Cazorla,0,0.19,0,3,5,0.0,10,1,3,0,1.0,1,0,226,89.33,10
Santi Comesaña,2,2.88,2,6,19,10.53,30,11,28,0,10.0,1,2,577,81.96,12
Santiago Colombatto,0,0.5,0,5,12,0.0,28,6,27,0,3.0,3,1,544,85.4,19
Santiago Mouriño,0,0.29,0,7,6,0.0,57,18,61,0,5.0,0,1,624,85.95,3
Sebastián Boselli,0,0.2,1,0,1,0.0,0,0,2,0,0.0,0,0,2,100.0,0
Selton Sanchez,0,0.27,0,1,4,0.0,2,1,0,0,0.0,0,1,35,68.63,4
Sergi Altimira,1,0.22,0,2,3,33.33,32,15,13,0,3.0,0,1,452,90.95,8
Sergi Cardona,0,0.72,0,2,10,0.0,25,22,26,1,3.0,4,3,348,81.88,13
Sergi Darder,1,1.75,2,28,24,4.17,16,15,8,0,4.0,8,2,523,83.02,32
Sergio Camello,0,0.97,3,7,9,0.0,2,2,0,0,0.0,0,0,107,84.92,6
Sergio Carreira,2,1.3,0,16,10,20.0,24,15,40,0,0.0,0,1,793,85.92,13
Sergio Gómez,0,0.85,2,7,7,0.0,69,19,40,0,3.0,6,1,770,85.46,24
Sergio Herrera,0,,0,0,0,0.0,0,0,33,1,0.0,0,0,455,67.21,0
Sergio Lozano,0,,0,0,0,0.0,2,0,0,0,0.0,0,0,7,100.0,0
Sheraldo Becker,0,0.13,0,0,3,0.0,2,3,4,0,0.0,0,0,32,71.11,2
Sofyan Amrabat,0,0.14,0,2,4,0.0,11,6,6,0,2.0,0,0,394,90.78,4
Stanis Idumbo Muzambo,0,0.03,0,0,1,0.0,1,0,0,0,,0,0,7,63.64,1
Stole Dimitrievski,0,,0,0,0,0.0,0,0,1,0,0.0,0,0,82,54.3,0
Tai Abed Kassus,0,,0,0,0,0.0,0,0,0,0,0.0,0,0,0,0.0,0
Tajon Buchanan,5,1.7,2,19,21,23.81,24,18,15,0,1.0,4,1,285,82.37,15
Takefusa Kubo,2,2.28,2,27,25,8.0,25,7,9,0,0.0,5,3,299,79.52,27
Takuma Asano,1,1.11,2,2,9,11.11,5,1,3,0,0.0,2,0,58,72.5,2
Tanguy Nianzou,0,0.1,0,1,3,0.0,11,1,34,0,1.0,0,0,164,88.65,1
Tani Oluwaseyi,2,3.16,6,7,13,15.38,4,0,4,1,1.0,2,1,45,62.5,4
Tete Morente,0,0.07,0,0,1,0.0,2,0,0,0,0.0,0,0,11,64.71,0
Thiago Almada,3,2.98,4,12,14,21.43,12,3,3,0,1.0,2,1,303,86.32,11
Thiago Borbas,0,,0,0,0,0.0,0,0,0,0,0.0,0,0,6,54.55,0
Thiago Fernández,0,0.09,0,0,1,0.0,1,0,0,0,0.0,1,1,4,100.0,1
Thibaut Courtois,0,,0,0,0,0.0,1,0,14,0,0.0,1,0,533,79.2,1
Thierry Correia,0,0.29,0,7,4,0.0,19,12,23,0,0.0,1,1,342,80.66,7
Thomas Lemar,1,0.92,1,6,13,7.69,11,1,1,0,2.0,1,1,334,87.89,12
Thomas Partey,0,0.36,0,3,8,0.0,14,11,12,1,2.0,0,0,329,86.35,5
Tomás Marqués,0,,0,0,0,0.0,0,0,0,0,0.0,0,0,6,100.0,0
Toni Fernández,0,,0,0,0,0.0,0,0,0,0,0.0,0,0,7,77.78,1
Toni Lato,0,,0,1,0,0.0,7,4,4,0,3.0,1,1,75,78.95,3
Toni Martínez,4,5.09,8,11,45,8.89,16,4,21,0,1.0,3,2,199,58.53,11
Trent Alexander-Arnold,0,0.06,0,2,3,0.0,8,9,2,0,1.0,2,1,252,86.6,9
Tyrhys Dolan,1,1.74,1,22,23,4.35,40,6,8,0,0.0,4,3,309,83.51,20
Ugo Raghouber,0,0.02,0,2,1,0.0,9,5,8,0,0.0,0,0,117,86.67,0
Umar Sadiq,0,0.29,0,3,8,0.0,1,0,2,0,0.0,1,0,29,64.44,4
Unai Elgezabal,1,0.67,1,0,3,33.33,8,3,70,0,16.0,0,0,348,85.09,2
Unai Gómez,1,1.34,2,2,10,10.0,7,0,6,0,1.0,0,1,98,75.38,5
Unai López,0,0.52,0,7,14,0.0,19,13,13,0,3.0,1,3,622,88.1,22
Unai Núñez,0,0.02,0,0,1,0.0,3,2,6,0,0.0,0,0,20,76.92,0
Unai Simón,0,,0,0,0,0.0,1,0,27,0,0.0,0,0,408,58.79,1
Unai Vencedor,0,,0,3,0,0.0,21,6,14,0,5.0,3,0,311,81.63,10
Urko González,0,0.48,0,4,11,0.0,31,19,36,0,7.0,0,1,454,82.1,8
Urko Izeta,0,0.75,2,1,6,0.0,2,0,0,0,0.0,1,0,30,66.67,2
Valentin Rosier,0,0.13,1,11,4,0.0,23,18,44,0,1.0,2,1,402,78.36,7
Valentín Gómez,1,0.68,1,8,9,11.11,34,16,74,1,8.0,0,0,498,86.46,5
Vedat Muriqi,15,11.17,12,13,66,22.73,4,1,43,0,4.0,1,1,265,63.86,11
Victor Muñoz,4,2.95,3,51,46,8.7,17,5,17,0,0.0,0,1,300,80.43,14
Victor Parada,0,0.44,1,5,5,0.0,15,4,37,0,4.0,1,1,304,78.15,9
Viktor Tsygankov,4,3.02,2,12,22,18.18,24,11,13,0,1.0,2,2,407,81.4,21
Vinícius Júnior,6,6.83,9,53,60,10.0,23,1,1,0,0.0,6,5,579,82.6,41
Vitor Reis,1,0.54,1,4,8,12.5,22,18,127,0,29.0,2,1,1041,90.68,6
Vladyslav Krapyvtsov,0,,0,0,0,0.0,0,0,2,0,0.0,0,0,25,64.1,0
Vladyslav Vanat,7,6.1,7,7,19,36.84,3,2,15,0,1.0,2,0,165,76.74,9
Víctor Chust,0,0.28,1,4,4,0.0,37,12,43,0,12.0,0,0,889,90.62,2
Víctor García,0,0.16,0,8,4,0.0,6,8,7,0,1.0,0,0,82,70.09,4
Víctor Valdepeñas,0,,0,1,0,0.0,5,0,1,0,0.0,0,0,32,94.12,1
Wesley,0,,0,1,0,0.0,0,0,1,0,0.0,0,0,11,64.71,0
Williot Swedberg,3,2.65,3,6,15,20.0,16,2,4,0,1.0,0,0,125,79.11,3
Wojciech Szczęsny,0,,0,0,0,0.0,0,0,9,0,0.0,0,0,152,82.16,0
Yago Santiago,0,0.12,0,4,2,0.0,2,1,5,0,0.0,0,0,87,85.29,2
Yangel Herrera,0,0.39,1,1,4,0.0,6,1,10,1,0.0,0,0,82,79.61,0
Yoel Lago,0,,0,1,0,0.0,7,3,22,0,4.0,0,0,187,93.03,1
Youssef Enriquez Lekhedim,0,0.74,1,6,9,0.0,11,10,23,0,1.0,2,0,286,77.51,8
Yuri Berchiche,0,0.32,0,5,14,0.0,26,23,68,0,1.0,2,1,778,86.83,16
Yvan Neyou,0,,0,0,0,0.0,0,0,3,0,0.0,0,0,15,83.33,0
Yáser Asprilla,0,0.58,0,13,15,0.0,8,5,4,0,1.0,2,0,129,85.43,12
Yéremy Pino,0,0.16,0,0,2,0.0,2,2,2,0,1.0,2,1,73,82.95,7
Zaid Romero,0,0.28,0,1,3,0.0,9,13,26,0,0.0,0,0,79,62.2,0
Álex Berenguer,2,3.25,6,19,31,6.45,17,8,12,1,0.0,6,2,407,76.65,34
Álex Forés,0,1.15,2,3,7,0.0,1,1,0,0,0.0,0,1,34,69.39,1
Álex Moreno,0,1.44,2,28,14,0.0,24,20,75,1,7.0,5,3,641,83.9,11
Álex Remiro,0,,0,1,0,0.0,1,1,26,1,0.0,0,0,579,69.93,3
Álex Sancris,0,0.33,0,4,11,0.0,9,2,3,0,0.0,1,1,115,68.86,7
Álex Sola,0,,0,0,0,0.0,0,0,0,0,0.0,0,0,0,0.0,0
Álvaro Carreras,2,0.29,0,14,7,28.57,28,30,49,0,4.0,1,1,1114,90.13,19
Álvaro Fidalgo,0,0.04,0,1,1,0.0,0,0,2,0,0.0,0,0,35,94.59,0
Álvaro García,3,5.36,5,2,33,9.09,20,10,23,0,2.0,9,3,268,67.34,28
Álvaro Odriozola,1,0.52,0,0,1,100.0,5,0,3,0,2.0,2,0,24,85.71,3
Álvaro Rodriguez,5,5.02,7,26,44,11.36,11,2,15,0,1.0,5,4,211,67.2,21
Álvaro Valles,0,,0,1,0,0.0,0,0,18,0,0.0,0,0,338,71.01,0
Ángel Pérez,0,0.05,0,1,1,0.0,2,0,1,0,0.0,0,0,22,75.86,0
Éder Militão,1,1.37,1,1,17,5.88,20,10,46,0,10.0,2,1,613,90.81,7
Íñigo Lekue,0,0.13,0,3,3,0.0,12,2,15,0,0.0,0,0,126,77.3,0
Óscar Mingueza,1,0.6,0,9,13,7.69,32,4,23,0,5.0,4,2,668,83.08,20
Óscar Trejo,0,0.17,0,0,1,0.0,1,0,0,0,0.0,0,0,48,84.21,3
Óscar Valentín,0,0.34,0,0,9,0.0,43,15,37,0,6.0,1,0,455,88.18,3
Ørjan Nyland,0,,0,0,0,0.0,0,0,5,0,0.0,0,0,79,67.52,0
